;mhorvat@ingenii.hr;ZSJR6F;0
;skovacevic@ingenii.hr;6SU2H9T3Y5;0
;nbabic@ingenii.hr;OY273H0CPP;0
;lmaric@ingenii.hr;72W5W3;0
;ejuric@ingenii.hr;WVN2IOL;0
;enovak@ingenii.hr;O0DZ7Z0F8G;0
;pkovacic@ingenii.hr;0B0VQ2;0
;iknezevic@ingenii.hr;0UMUW8LAXW;0
;mvukovic@ingenii.hr;Q43R3GWF2Y;0
;kmarkovic@ingenii.hr;5ELC7KIOBN;0
;tmatic@ingenii.hr;XJDSSQ;0
;lpetrovic@ingenii.hr;JUJKZ8IH65;0
;ltomic@ingenii.hr;2CIIP2R9P3;0
;tpavlovic@ingenii.hr;UILRWW;0
;lkovac@ingenii.hr;GM8RKUH60T;0
;kbozic@ingenii.hr;AZ8C8PZBPV;0
;egrgic@ingenii.hr;FCRMLG;0
;bblazevic@ingenii.hr;RSDAN5;0
;lperic@ingenii.hr;CF3VNFYNTH;0
;upavic@ingenii.hr;TL95F5;0
;kradic@ingenii.hr;FTU4XB;0
;gsaric@ingenii.hr;H23B44;0
;llovric@ingenii.hr;4J8N89;0
;gfilipovic@ingenii.hr;17N82S;0
;bvidovic@ingenii.hr;45M8FLLQSW;0
;ijukic@ingenii.hr;VI7GD9I4;0
;tbosnjak@ingenii.hr;45FYDHUXQK;0
;aperkovic@ingenii.hr;5BFONJDYLT;0
;gpopovic@ingenii.hr;F1CWCA9KMY;0
;enikolic@ingenii.hr;LGEF3ZPMIO;0
;ssimic@ingenii.hr;L61BNH827Z;0
;tbarisic@ingenii.hr;K6LIKRP8YG;0
;mbasic@ingenii.hr;EE3F080H;0
;dmandic@ingenii.hr;JZROT3;0
;nklaric@ingenii.hr;0FC3O08UOC;0
;nzivkovic@ingenii.hr;XVTQGPEPEL;0
;nloncar@ingenii.hr;0PVF9NHR2P;0
;amartinovic@ingenii.hr;I22ZGX8PF6;0
;ibaric@ingenii.hr;LS4V68;0
;pbrkic@ingenii.hr;T4DDI6;0
;agalic@ingenii.hr;9NVG13YYN4;0
;jjurkovic@ingenii.hr;YBIYE7;0
;kbilic@ingenii.hr;73UUAR;0
;ckos@ingenii.hr;ISUTZ1;0
;istanic@ingenii.hr;D8D22ADNUR;0
;mlukic@ingenii.hr;50BI10;0
;ematijevic@ingenii.hr;W5HO8ALY7C;0
;nmatkovic@ingenii.hr;R871UB;0
;ekralj@ingenii.hr;CEIW8F453R;0
;ljankovic@ingenii.hr;4RZUJY;0
;dnovosel@ingenii.hr;Z13J0XC1;0
;pjelic@ingenii.hr;4AKI89KRF5;0
;mcosic@ingenii.hr;BFCDHP;0
;mmiletic@ingenii.hr;LI17BL;0
;fjurisic@ingenii.hr;O6OMTL8;0
;jivanovic@ingenii.hr;951S0C;0
;tkatic@ingenii.hr;K3U85QPC2D;0
;llucic@ingenii.hr;HKR932;0
;bmihaljevic@ingenii.hr;QVCQP6;0
;nilic@ingenii.hr;2K3XM1SOBZ;0
;rtadic@ingenii.hr;M2JTT1;0
;lposavec@ingenii.hr;AQAMORDNKK;0
;njerkovic@ingenii.hr;JURUT8B9RQ;0
;pmarinovic@ingenii.hr;KTB9IFOGIA;0
;sivankovic@ingenii.hr;3IW0YKXR9H;0
;tmikulic@ingenii.hr;F3OWYWI8MI;0
;tsimunovic@ingenii.hr;GBCRYE0UDP;0
;vivancic@ingenii.hr;YJ0PAD;0
;lpoljak@ingenii.hr;U0ORHLRACI;0
;rjovanovic@ingenii.hr;CMC7E38D08;0
;aherceg@ingenii.hr;BAU977EOZB;0
;amarjanovic@ingenii.hr;T1TP62OH0R;0
;jmilic@ingenii.hr;OLSN6DZ3GN;0
;gvidakovic@ingenii.hr;2MAM1X4X69;0
;ocindric@ingenii.hr;RUSDOP;0
;mmarusic@ingenii.hr;OOXDM7;0
;bvuckovic@ingenii.hr;Q6SJED82VH;0
;dtopic@ingenii.hr;NAJ1RTKYD;0
;trukavina@ingenii.hr;22BSI2;0
;mjozic@ingenii.hr;LLPKL5UIIN;0
;ldelic@ingenii.hr;JFX85N7T0G;0
;nnovakovic@ingenii.hr;EBT22C3RRL;0
;lvarga@ingenii.hr;EEH4EYRNCO;0
;vpavicic@ingenii.hr;F41JAQVUYB;0
;mbogdan@ingenii.hr;FU9CETA59X;0
;kgrubisic@ingenii.hr;EU0X7TYMOE;0
;tdjuric@ingenii.hr;YSU6WA;0
;nspoljaric@ingenii.hr;SCW8RAVFU4;0
;pdujmovic@ingenii.hr;G6SRDN;0
;avukelic@ingenii.hr;ZHVYB2;0
;mkolar@ingenii.hr;9E94KFE8MK;0
;mburic@ingenii.hr;8F7F3AHPPB;0
;jstimac@ingenii.hr;TNCLZ4;0
;npetkovic@ingenii.hr;7717GF68F9;0
;rkolaric@ingenii.hr;HTEEDSPUSX;0
;vpetric@ingenii.hr;438DX8;0
;fbrajkovic@ingenii.hr;SMYX944HEB;0
;ibacic@ingenii.hr;3QGCN9;0
;mjaksic@ingenii.hr;9UV8BPWR6I;0
;ojovic@ingenii.hr;IU2DZF0VR4;0
;livic@ingenii.hr;8E2V2WTBRZ;0
;estankovic@ingenii.hr;X31AX9;0
;aruzic@ingenii.hr;0L9JUV;0
;mpranjic@ingenii.hr;HH4JYBQ4S6;0
;rstojanovic@ingenii.hr;OF94WPL5QS;0
;mantunovic@ingenii.hr;ESOATE0JMG;0
;lmitrovic@ingenii.hr;3W1JZVGRTX;0
;lloncaric@ingenii.hr;3Q5GMZR67I;0
;dban@ingenii.hr;WK0IIW;0
;ltolic@ingenii.hr;HFCT1G;0
;fjosipovic@ingenii.hr;VDDOD6;0
;kpejic@ingenii.hr;29XAFMQ028;0
;hpintaric@ingenii.hr;5MWY1BJ9XB;0
;kgolubic@ingenii.hr;R4KDHP;0
;manic@ingenii.hr;OEOZ93OOBM;0
;mprpic@ingenii.hr;B2KJ412XOD;0
;stokic@ingenii.hr;4ZD9WVWIUL;0
;jerceg@ingenii.hr;4MJY0KU6;0
;ppetricevic@ingenii.hr;33MWUIOWXF;0
;vbudimir@ingenii.hr;IXPNMEYMJ9;0
;tbaricevic@ingenii.hr;XSH8V2X49P;0
;hmartic@ingenii.hr;4GC85XRDJF;0
;nstarcevic@ingenii.hr;5AO9M341LI;0
;mvlasic@ingenii.hr;2R7463LQTK;0
;evrdoljak@ingenii.hr;KSTWLT2XEM;0
;mmijatovic@ingenii.hr;071D5JKFR9;0
;ncar@ingenii.hr;6ZPM6F5BXH;0
;emajic@ingenii.hr;IMXW7WI8BJ;0
;vsimunic@ingenii.hr;Y9HEM46AWK;0
;phorvatic@ingenii.hr;HJL5PL0LGS;0
;kmlinaric@ingenii.hr;EGKR5G;0
;mljubicic@ingenii.hr;8D45L4NLOW;0
;apavlic@ingenii.hr;47RO5I;0
;mvukic@ingenii.hr;MM94MQGUTK;0
;mvlahovic@ingenii.hr;VBGK1;0
;nsever@ingenii.hr;ANQSPF;0
;vabramovic@ingenii.hr;14ZR6V;0
;acrnkovic@ingenii.hr;6FT3L5JY55;0
;lmamic@ingenii.hr;68TZ58FAMR;0
;vgrguric@ingenii.hr;OL1JME;0
;iivkovic@ingenii.hr;LQOF40LT69;0
;jzoric@ingenii.hr;FVVA09BZEG;0
;bcovic@ingenii.hr;GO93IY;0
;gdragicevic@ingenii.hr;0QOC1H;0
;jrados@ingenii.hr;3W3VBD;0
;zrasic@ingenii.hr;D38U27KYK2;0
;loreskovic@ingenii.hr;L305QI;0
;vsertic@ingenii.hr;ZODE5VFHLC;0
;imilicevic@ingenii.hr;VKF1N6KF9N;0
;mljubic@ingenii.hr;9EAUR;0
;lmilkovic@ingenii.hr;SZ478X52QB;0
;jmedved@ingenii.hr;BBB12CBE0D;0
;imatosevic@ingenii.hr;9CFRMN869L;0
;fandric@ingenii.hr;X1ERCAAXJ8;0
;mmilosevic@ingenii.hr;JKUTBD;0
;lturkovic@ingenii.hr;XUJBT5;0
;kfranic@ingenii.hr;WORW9R;0
;mmiskovic@ingenii.hr;99EZW6R5EO;0
;nbalic@ingenii.hr;D6WKO0QHCA;0
;jsostaric@ingenii.hr;32S5CEK53I;0
;gmihalic@ingenii.hr;PDGAB6;0
;vmilanovic@ingenii.hr;X75Q8PW36P;0
;ijurcevic@ingenii.hr;Z6CJDHJOLR;0
;agalovic@ingenii.hr;8SKC5WVYGK;0
;dradosevic@ingenii.hr;KC77VGW88R;0
;brajkovic@ingenii.hr;ZI8E99DVU2;0
;mbalog@ingenii.hr;K4T02X;0
;mmikic@ingenii.hr;RKBMCV;0
;amedic@ingenii.hr;GWP4FB;0
;msavic@ingenii.hr;ISNQ5A;0
;elackovic@ingenii.hr;V34D2X;0
;vpuskaric@ingenii.hr;BDGJ4T962Y;0
;fbuljan@ingenii.hr;OBE7AHBX6;0
;ekolic@ingenii.hr;RVF92A;0
;smajstorovic@ingenii.hr;K2188G3W5B;0
;bmijic@ingenii.hr;KRLUQLVXD;0
;asucic@ingenii.hr;HEY6NRFLBI;0
;ltomasic@ingenii.hr;G4PPGGBVYS;0
;dmestrovic@ingenii.hr;GMKAG1;0
;acuric@ingenii.hr;0H7XPX;0
;amarijanovic@ingenii.hr;C4A1OMZ2O6;0
;mcvitkovic@ingenii.hr;ZYUNBC;0
;ivukusic@ingenii.hr;A8PTT78;0
;snekic@ingenii.hr;I0E26E;0
;jhodak@ingenii.hr;0KMFBX;0
;ddjurdjevic@ingenii.hr;XLR414K4XV;0
;mglavas@ingenii.hr;W6ZO7XCOR4;0
;abegic@ingenii.hr;L5JQSO;0
;pmaricic@ingenii.hr;PMG7X;0
;srozic@ingenii.hr;U9IF5N;0
;ikraljevic@ingenii.hr;UWQPYH;0
;mdevcic@ingenii.hr;B7N9EZJ80W;0
;dvuletic@ingenii.hr;8Y2XPH;0
;mostojic@ingenii.hr;1SA87C;0
;pvuk@ingenii.hr;THEE4;0
;smatanovic@ingenii.hr;I2Z2YHYPSB;0
;ajakovljevic@ingenii.hr;T54SBM;0
;gdukic@ingenii.hr;RQX533;0
;mbegovic@ingenii.hr;JA8PR4;0
;msalopek@ingenii.hr;EH7VIH;1